19,18,76
19,17,76
19,17,76
19, 7,76
19,18,76
19,18,76
19,18,75
19,18,75
19, 9,75
19,18,75
19,17,75
19,18,75
19,16,75
19,18,75
19,12,75
19,23,75
19,18,75
19,16,74
19,17,74
19,17,75
19,17,75
19,23,74
19,23,74
19,18,75
19,17,74
19,18,74
19,18,74
19,18,74
19,18,75
19,23,74
19,17,74
19,17,74
19,18,74
19,18,75
19,17,75
19,18,75
19,18,75
19,18,76
19,17,76
19,17,76
19,17,76
19,19,76
19,20,76
19, 6,75
19,16,76
19,18,76
19,19,76
19,19,76
19,17,76
19,20,76
19,17,76
19,18,76
19,16,76
19, 4,76
19,18,76
18,18,76
19,19,75
19,23,75
19,23,75
19,18,75
19,18,75
19,17,75
19,17,75
19,18,75
19,18,75
19,18,75
19,20,75
19,18,75
19,17,75
19,17,75
19,20,75
18,17,75
19,18,75
19,18,75
19,18,75
19,18,75
19,11,75
19,24,75
19,20,75
19,17,75
19,24,74
19,20,74
19,18,74
19,10,74
19,24,73
19,15,73
19,18,73
19,20,73
19, 6,73
19,20,73
19,18,73
19,18,73
19,18,72
19, 6,73
19,13,72
19,24,72
19,24,72
19,20,72
19,20,72
19,18,72
19,19,72
19,19,72
19,18,72
19,23,72
19,23,72
19,19,72
19,24,72
19,20,72
19,18,72
19,18,72
19,18,72
19,11,72
19,19,72
19,19,72
19,20,72
19,24,72
19, 6,71
19,18,71
19,19,72
19,18,71
19,19,72
19,18,72
19,18,72
19,18,72
19,19,72
19,18,72
19,20,72
19,18,72
19,17,72
19,19,72
19,24,72
19,20,72
19,19,72
19,18,72
19,10,73
19,20,73
19, 8,72
19,18,72
19,18,73
19,19,73
19,18,72
19,11,73
19,20,72
19,19,72
19,24,73
19,18,73
19,18,73
19, 3,72
19, 9,72
19,19,72
19,23,73
19,18,73
19,18,73
19,24,73
19,14,73
19,14,73
19,17,73
19,12,73
19,24,73
19,24,73
19,20,73
19,19,73
19,19,73
20,20,73
19,20,73
20,10,72
20,19,72
19,15,72
19,19,73
20,12,73
20,20,73
20,19,73
20, 7,73
20,17,72
20,14,73
20,19,72
20,11,72
20,19,73
20,24,73
20,24,73
20, 6,73
20,23,73
20,19,73
20,12,72
20,19,73
20, 6,73
20, 6,74
20,24,73
20,23,72
20,19,72
20,19,72
20,19,72
20,19,72
20,24,72
20,19,72
20, 6,72
20,20,72
20,20,72
20,18,72
20,24,72
20,18,72
20,19,72
20,19,72
20,19,72
20,23,72
20,19,72
20, 7,72
20,14,72
20,21,72
20,23,72
20,19,72
20,12,72
20,19,72
20,19,72
20,19,72
20,19,72
20,19,72
20,19,72
20,19,72
20,20,72
20,19,72
20, 6,72
20,19,72
20, 6,72
20,23,72
20,19,72
20,10,72
20,19,72
20,19,72
20,19,72
20,19,72
20,12,72
20,14,73
20,19,73
20,19,73
19,12,73
20,10,73
19,24,73
 0, 0, 0
19,24,73
20,23,72
20,10,73
19,14,73
20,23,72
20,20,73
20,20,73
19, 6,73
19,19,73
19, 6,72
20,19,73
20,20,73
20,12,73
20,19,73
19,19,73
19,19,73
19,18,73
19,19,73
19,12,73
19,20,73
19,23,73
19,18,73
20,24,73
19,18,73
19,19,73
19,19,73
20,19,73
19,17,73
19,23,73
 0, 0, 0
20,11,72
19,10,73
19,20,73
19,17,73
19,23,73
19, 7,73
19,12,73
19,20,73
20,20,72
19,19,73
19,19,73
19,17,72
19,23,73
19,19,73
19,19,73
19,18,73
19, 6,73
19,20,73
19,20,73
19,23,73
19,18,73
19, 6,73
19,13,73
19, 7,73
19,12,73
19,19,73
19, 7,73
19,18,73
19,19,73
19, 3,73
19,14,73
19,19,73
19,12,73
19,19,73
19,14,73
19,20,73
19,19,73
19,23,73
19,20,73
20,15,73
19,19,73
19,14,73
19,19,73
19,19,73
19,19,73
19,14,73
19,21,73
19,23,73
19,19,73
20,23,73
19,19,73
19,19,73
19,19,73
19,14,73
19,20,73
19, 6,73
19,19,73
19,20,73
19,20,73
19,19,74
19,20,73
19,19,73
20,20,74
19,23,74
19,20,73
19,19,74
19,19,74
19, 6,74
20,23,73
19,19,73
19,19,74
19,19,73
19,17,74
19,19,73
19,23,73
19,19,74
19,19,74
19,21,74
19,20,74
19,19,73
19,16,73
19,19,74
19,19,74
19,16,73
19,16,74
20,12,74
19,20,73
19,24,74
19,24,74
19,19,73
19,20,73
19,19,73
19,23,74
19,14,73
19,23,74
19,20,74
19,23,74
19,19,74
19,20,74
19,19,74
19,12,74
19,18,74
19,24,74
19,19,74
19, 9,74
 0, 0, 0
19,19,74
19,24,74
19,19,74
19,19,74
20,20,74
19,12,74
19,12,74
19,19,73
19,20,74
19,17,73
19,19,73
19,23,73
19,20,74
19,19,74
19,19,74
19,19,74
19,19,74
19,20,74
19,19,74
19,19,74
19,10,74
19,19,74
19,19,74
19,19,74
20,12,74
19,21,73
19,24,73
19,19,73
19,20,73
19, 0,72
19,10,73
19,19,74
20,20,74
20,12,74
19,24,73
19,20,74
19,23,74
19, 7,74
19,20,74
19,19,74
20,19,74
19,24,74
19,19,74
19,14,74
19,23,74
20,11,74
19,23,74
19,19,74
19,23,74
19,18,74
19,24,74
19,19,74
19,19,74
19,19,74
19,12,74
20,19,74
19, 7,74
19,19,74
19,24,74
19,23,74
19, 6,75
19,19,75
19,12,75
19,19,74
19,18,75
19,24,75
19,17,75
19,19,75
19,19,75
19,19,75
19,19,75
19,19,75
19, 7,75
19,19,75
19,14,74
19,19,75
19,12,75
19,24,75
19,20,75
19,23,75
19,19,75
19,23,75
19,12,75
19,19,75
19,19,75
19,19,75
19, 6,75
19,19,75
19,24,75
19, 6,75
 0, 0, 0
19,19,75
19,19,75
19,10,75
19,23,75
19,15,75
19,19,76
19,19,75
19,19,76
19,19,75
19,17,76
19,19,76
19, 7,75
19,19,75
19,19,75
19,24,75
19,11,76
19,19,76
19,23,75
19,17,76
19,19,75
19,23,75
19,10,75
19,19,75
19,10,75
19,19,75
19,19,75
19,24,75
19,18,75
19,19,75
19,16,75
19,20,75
19, 6,75
19,19,75
19,19,75
19,19,75
19,19,75
19,19,75
19,19,75
19,11,75
19,19,75
19, 6,75
19,23,75
19,19,74
19,14,74
19,19,75
19,24,75
19, 7,75
19,17,75
19,24,74
19,20,75
19,20,74
19,19,75
19,19,75
19, 7,74
19,19,74
19,19,75
19,19,75
19,19,74
19,11,74
19,19,74
19,12,74
19,19,75
19,19,74
19,12,74
19,18,74
19,19,74
19,19,74
19,19,74
19,12,74
19,18,74
19,24,74
19,23,74
19,20,74
19,19,74
19,14,74
19,18,74
19,23,74
19,24,74
20,19,74
19,19,74
19,14,74
20, 6,74
19,20,74
19,19,74
 0, 0, 0
19,20,74
20,15,75
20,19,75
19,18,76
19,24,76
19, 7,77
19,19,77
19,19,78
19,19,79
19,17,79
20,19,80
20,12,81
20,20,80
20,19,81
20,19,81
20,18,81
20,10,81
19,19,81
19,19,80
20,17,80
20,19,79
19,19,79
20,18,79
20,23,79
19, 7,79
19,19,78
19,19,78
20,18,78
20,12,78
20,24,78
20,18,78
20, 6,78
20,19,78
19,19,77
19,18,78
20,24,78
20,12,78
19,20,78
19,18,78
19,19,77
20,19,75
20,12,75
20,20,74
19,19,73
20,18,72
19,18,72
19,24,72
19,24,71
19,19,71
20,24,72
20,19,71
20,20,71
19,11,70
19,14,71
19,19,70
20,24,69
19,10,69
19,18,70
20, 7,69
19,20,69
19,24,68
20,12,69
20,19,68
20, 7,68
20,19,69
20,20,68
20,19,68
20,19,68
20,19,68
20,19,67
20,19,66
20,24,66
20,19,66
20,19,66
20,19,66
20,20,65
20,20,65
20,12,65
20, 7,64
20, 6,64
20,19,64
20,23,64
20,20,64
20,14,64
20,19,63
20,19,63
20,18,63
20,24,64
20,24,65
20,15,65
20,20,64
20,19,65
20,18,65
20,20,65
20,18,64
20,23,64
20, 6,64
20,23,63
20,21,64
20,18,63
20,24,64
20,19,64
20, 6,64
20, 7,64
20, 6,64
20,24,63
20,20,63
20,18,64
20,10,64
20,23,64
20,12,64
20,21,64
20,18,64
20,19,64
20,20,64
20,19,64
20,20,64
20,19,64
20,20,64
20,19,64
20,11,64
20,19,63
20,19,64
20,12,64
20,19,64
20,19,64
20,19,64
20, 7,64
20,19,64
20,19,64
20,19,64
20,20,64
20,23,63
20,19,63
20,20,63
20,15,62
20,19,63
20,18,62
20,20,62
20,19,62
20,19,63
20,19,63
20,19,63
20,23,62
20,18,62
20, 6,62
20,12,62
20,19,62
20,19,62
20,10,62
20,23,62
20,19,62
20, 7,63
20,23,62
20,18,62
20,12,62
20,20,62
20,20,63
20,19,63
20,19,63
20,19,63
20,18,63
20,24,63
20,19,63
20,19,63
20,19,63
20,23,63
20,23,63
20,15,63
20,19,63
20,19,63
20,19,63
20,12,63
20,19,64
20,19,63
20,20,63
20,20,63
20,20,64
20,20,64
20,11,63
20,19,64
20,19,64
20,14,64
20,19,64
20,10,64
20,18,64
20,20,64
20,12,63
20, 7,64
20,12,64
20,24,63
20,18,64
20,21,64
20,20,64
20,19,64
20,24,64
20, 9,64
20,21,64
20,20,64
20,19,64
20,19,64
20,19,64
20,20,64
20, 6,64
20,10,64
20,20,64
20,20,64
20,23,64
20,21,64
 0, 0, 0
20,15,64
20,21,64
20,21,64
20,12,64
20,24,64
20,24,64
20,21,64
20,19,64
20,23,64
20,19,64
20,18,64
20,19,65
20,12,65
20,23,64
20,14,64
20,19,64
20,19,65
20, 7,64
20,19,65
20,24,65
20,14,65
20,21,65
20,20,65
20,19,65
20,23,65
20,19,65
20,12,65
20,23,65
20,20,65
20,19,65
20,20,65
20,21,65
20,12,65
20,20,65
20,20,65
20,12,65
20,19,66
20, 7,65
20,21,66
20,19,66
20,19,66
20,23,66
20,21,65
20,19,66
20,23,66
20,12,66
20,23,66
20,10,66
20,12,66
20,19,66
20,24,66
20,20,66
20,19,66
20,21,66
20,19,66
20,19,66
20,19,66
20,19,66
20,20,66
20,19,66
20,19,66
20,20,66
20,12,66
20, 6,66
20,20,66
20,24,66
20,19,66
20,23,64
20, 7,66
20,19,66
20,20,66
21, 6,66
20,19,66
20, 6,66
20,19,65
20,19,65
20,24,65
20,23,65
20,24,65
20,20,65
20,20,65
20,19,65
20,20,65
20,19,65
20,21,65
 0, 0, 0
20,20,65
20,21,65
20,19,64
20,11,64
20,12,64
20,21,64
20,20,64
20,20,65
20,23,64
20,23,64
20,24,64
21,24,65
20, 7,64
20,19,65
20,20,65
20,21,65
20,24,65
21,21,66
20, 7,65
21,24,66
20,12,65
21,21,66
21,24,65
20,21,65
20,20,65
21,21,65
20,12,65
20,22,66
20,20,65
20,18,65
21,21,66
21,11,64
21,19,66
21,21,66
21,23,66
21, 6,66
 0, 0, 0
21,19,66
21, 7,66
21,23,66
21,24,66
21,21,66
20,24,65
21, 7,66
21,21,65
20,14,65
20,21,65
21,21,65
20,21,65
20,20,65
21,21,65
20,11,65
21,19,66
21,20,65
21,19,66
21,21,67
21,21,66
21,21,66
21,18,66
21,20,66
21,23,67
21,20,66
21, 7,66
21,21,67
21,20,65
21,21,67
20,21,66
21,19,66
21,21,65
20,10,65
21,21,66
21,21,66
21,11,66
20,23,65
21,21,66
21,12,66
20,24,65
21,20,66
21,12,66
21,20,66
20,20,65
21,19,66
20,18,65
21,18,65
20,12,65
21,12,66
20,23,65
20,21,66
21,21,69
21,21,70
21,21,71
21,21,72
21,23,72
21,23,73
21,10,74
21,20,74
21,21,75
21,21,74
21,21,73
21,19,73
21,20,72
21,21,72
21,20,71
21,21,71
21,14,70
21,21,70
21,20,70
21,12,69
21,21,69
21,21,68
21,20,68
21, 7,68
21,12,68
21,21,67
21,21,67
21,19,67
21,24,67
21,21,67
21,20,67
21,19,67
21,12,66
21, 7,66
21, 6,66
21,14,66
21,21,66
21,21,65
21, 7,65
21,19,65
21,20,65
21,14,65
21,21,64
21,20,64
21,21,64
21,23,64
20,21,63
 0, 0, 0
20,21,62
21,23,61
20,21,61
20,19,61
20,21,60
20,21,60
20,23,60
20,19,59
20,12,59
20,21,59
20,12,58
20, 7,59
20,21,59
20,24,58
20,12,58
20,21,58
20,19,58
20,31,58
20,19,58
20, 7,58
20,24,58
20,23,58
20,24,58
20,20,58
20,19,58
20,19,58
20,19,58
20,18,58
20,19,58
20,21,58
20,19,58
20,14,58
20,12,59
20,19,58
20,20,58
20,20,58
20,19,58
20,19,58
20,19,57
20,19,58
20,24,58
20,14,58
20,10,58
20,19,57
 0, 0, 0
20,20,58
20,20,58
20,20,58
20,19,58
20,19,58
20,19,58
20,20,58
20,24,58
20,19,58
20,19,58
20,12,58
20,20,58
20,19,58
20,20,58
20,20,59
20,21,58
20,19,58
20, 7,58
20,18,58
20,20,58
20, 6,58
20,19,58
20,19,58
20,19,58
20,20,57
20,19,58
20,18,57
20, 0,57
20,19,57
20,19,57
20,24,57
20,20,57
20,19,57
20,19,57
20,19,57
20,12,57
20,17,57
20,20,57
20,19,57
20,19,57
20,24,57
20,18,57
20,19,57
20,19,57
20,19,57
20,12,57
20,19,57
20,14,57
20,19,57
20,19,58
20,19,58
20,11,58
20,19,58
20,19,58
20,19,58
20,23,58
20,19,59
20,20,58
20,19,59
20,20,59
20,20,59
20,19,59
20,19,59
20,19,59
20,19,59
20, 7,59
20,19,59
20,23,59
20,23,59
20,20,59
20,12,60
20,20,59
20,12,59
19,17,60
20, 6,60
20,19,60
20, 6,60
20,24,60
20,23,60
20,23,60
20,19,60
20, 7,59
19,24,59
20,24,59
20,11,59
20,20,59
20,19,59
20,23,59
20,19,59
20,20,59
20,19,59
20,19,59
20,20,59
20,12,59
19, 6,59
20,19,59
20,24,59
19,16,59
19,24,59
19,17,59
20,19,59
19, 7,58
20,19,58
19,23,58
20,12,58
19,24,58
20,23,58
19,19,58
19,19,59
19,19,58
19,19,58
19,19,58
19,19,58
19,19,58
19,12,58
19,17,58
19,24,58
19,18,58
19,15,58
19,19,58
19,12,58
19,20,58
19, 3,58
19,24,58
19,19,58
19,19,58
19,19,58
19,19,58
19,20,58
19,19,58
19,23,58
19,17,58
19,24,57
19,19,57
19,20,57
19,31,57
19,24,57
19,21,57
19,19,58
19,24,57
19,19,57
19,18,57
19,20,57
19,10,58
19,10,57
19,19,57
19,19,57
18, 1,56
19, 6,58
19,10,57
19,17,58
19,12,58
19, 6,58
19,19,58
19,19,57
19,23,57
19,19,57
19,17,57
19,17,58
19,20,58
19,19,57
19,18,57
19, 6,57
19,23,57
19,19,57
19,20,57
19,19,57
19, 7,57
19,20,57
19,17,57
19,20,57
19,12,57
19,19,57
19,19,57
19,15,57
19,15,57
19,12,57
19,16,57
19,19,57
19,19,57
19,19,57
19,15,57
19,20,57
19,23,57
19,24,57
19,19,57
19,13,57
19,23,57
19,19,57
19,20,57
19,17,57
19, 5,57
19, 7,57
19,19,57
19,10,57
19,20,57
19,14,57
19,19,57
19,11,56
19,17,57
19,24,56
19,17,56
19,18,56
19,19,56
19,16,57
19,24,56
19,10,56
19,18,56
19,19,56
19,24,56
19,23,56
19,15,56
19, 6,56
19,17,56
19,18,56
19, 6,56
19,20,56
19,23,56
19,16,57
19,23,56
19,20,56
19,17,56
19,16,56
19,19,56
19,24,56
19,20,56
19,23,56
19,16,56
19,20,56
19,19,56
19, 3,56
19,12,56
19,19,56
19,24,56
19,19,56
19,17,56
19,19,57
19,16,56
19,19,56
19,12,57
19,18,57
19,20,57
19,19,57
19, 7,57
19,24,58
19,17,58
19,16,58
19,17,57
19,19,58
19, 3,58
19,19,58
19,24,58
19,14,58
19,18,59
19,16,59
19,20,59
19,19,59
19,19,59
19,23,58
19,14,59
19,17,59
19, 6,59
19, 4,58
19,20,58
19,19,59
19,20,59
19, 6,59
19, 3,59
19,12,58
19,20,59
19,19,59
19,23,59
19,17,59
19,24,59
19,19,59
19,19,59
19,17,58
19,19,59
19,24,59
19,17,59
19,19,58
19,19,59
 0, 0, 0
19,17,59
19,14,58
19,16,59
19,19,59
19,12,59
19,19,59
19,16,59
19,17,59
19,12,58
 0, 0, 0
19,20,59
19,24,59
19,19,58
19,18,58
19, 7,56
19,19,56
19,20,55
19, 6,56
19,24,55
19,16,56
19,23,55
19,17,56
19,17,55
19,19,56
19,24,56
19,10,56
19,19,56
19,19,56
19,14,56
19,20,56
19,19,55
19,23,55
19,19,55
19,19,55
19,17,55
19,10,55
19,19,55
19,24,55
19,19,55
 0, 0, 0
19,19,55
19,19,55
19,17,55
19,24,54
19,23,55
19,24,54
19,20,54
19,19,54
19,20,54
19,19,53
19,23,53
19,20,53
19,23,54
19,17,54
 0, 0, 0
19,19,53
19,19,53
19,17,53
19,19,53
19,19,53
19,19,53
19,24,53
19,20,53
19,24,53
19,18,53
19, 6,53
19,19,53
19,19,52
19,19,52
19,19,51
19, 6,51
19,18,51
19,17,51
19,20,51
19,19,51
19,23,50
19,17,51
19,24,51
19,20,51
19,18,50
19, 6,50
19,19,50
19,17,50
19,23,49
19,17,50
19,20,50
19,12,50
19,17,49
19,18,49
19,17,49
19,12,49
19,20,49
19,24,49
19,14,49
19,17,48
19, 7,49
19,23,49
19, 6,49
19,20,49
19,19,48
19,23,48
19,23,49
19,18,50
19,17,49
19,17,49
19,20,49
19,20,49
19,12,48
19,20,49
19,19,50
19,20,49
19,19,50
19,19,51
19, 5,53
19,19,52
19,19,53
19, 7,53
19,24,54
19,19,54
19,10,53
19,19,52
19,12,52
 0, 0, 0
19,19,53
19,14,54
19,22,55
19,19,55
19,19,54
19,12,54
19,20,55
19,12,54
19,17,53
19,24,54
19,19,53
19,19,53
19,19,53
19, 6,52
19,23,53
19,19,52
19, 7,52
19,23,51
19,19,51
19,19,52
19, 7,52
19,17,51
19,24,51
19,12,51
19,23,51
19,19,53
19,23,52
19,14,53
19,23,52
19, 6,52
19,19,51
19, 7,52
19,10,52
19,24,52
19,19,53
19,19,52
19,20,52
19,12,51
19, 6,51
19,12,50
19,23,51
19,20,52
19,20,52
19, 6,51
19,10,50
19,24,50
19,10,50
19,14,50
19,19,50
19,24,50
19,19,50
19,12,50
19,19,50
19,18,50
19,17,50
19,20,51
19,19,50
19,19,50
19, 6,50
19,12,50
19,23,50
19,10,51
19, 6,52
19,20,52
19,19,52
19,19,52
19,10,52
19,19,53
19,20,53
19,19,53
19, 6,53
20,19,53
19,20,53
19,19,53
19,13,53
19,24,53
19,19,53
19, 7,53
19,19,53
19,19,53
19,23,52
 0, 0, 0
19,24,52
19,19,51
19,19,51
19,23,50
19,19,51
19,18,51
19,18,50
19,19,51
19,12,51
19,19,51
19,17,51
19,19,47
19,20,46
19, 6,46
19,19,48
19,19,48
19,18,48
19,19,48
19,19,48
19,19,48
19,19,48
19, 6,49
19,19,50
19,17,49
19,20,49
19,19,49
19,19,50
19,12,50
19, 3,50
19,19,49
20,17,50
19,19,49
19,19,49
19,19,50
19,19,50
 0, 0, 0
19,19,50
19,20,50
19,10,50
19,19,50
19,19,50
19,21,50
19,19,50
19,19,50
19,23,50
19,17,50
19,19,50
19,19,50
19,11,50
19,17,50
19,24,50
19,14,51
19,19,50
19,24,50
19, 6,50
19,16,50
19,24,50
19,19,50
19,19,50
19,24,50
19,19,50
19,17,50
19,19,50
19,12,50
19,20,51
19,20,50
19,19,50
19,23,50
19,17,50
19,19,50
19,16,50
19,19,50
19,12,51
19,19,51
19,19,50
19,20,50
19,18,50
19,18,51
19, 7,51
19,23,51
19,19,50
19,20,50
19,20,50
19,19,50
19,19,50
19, 8,50
19,19,50
19,19,50
19,19,50
19,17,50
19,19,50
19,17,51
19,20,50
19,23,50
19,23,51
19,20,50
19,20,51
19,12,51
19,19,51
19,18,51
19,20,51
19,19,50
19,17,50
19,10,50
19,19,50
19,19,50
19,23,50
19,12,50
19,14,50
19,17,50
19,12,50
19,19,50
19,12,50
19,24,50
19,17,50
19,19,50
19,19,50
19,19,50
19,17,50
19,17,50
19,14,50
19,20,50
19,17,50
19, 6,50
19,23,50
19,19,50
19,17,50
19,19,50
19,18,50
19,19,50
19,17,49
19, 6,50
19,17,49
19, 6,49
19,11,49
19, 6,49
19,19,49
19,20,49
19,20,49
19,24,49
19,14,49
19,24,49
19,19,49
19,17,49
19,23,49
19,19,49
19,10,49
19,17,50
19,19,49
19,17,49
19, 6,49
19,19,49
19,15,49
19,19,50
19,19,49
19,17,50
19,19,49
19,17,49
19,17,49
19,19,49
19,17,50
19,12,50
19, 3,49
19,17,50
19,16,50
19,10,50
19,20,50
19,18,50
19,17,50
19,10,50
19,19,50
19,24,50
19,19,50
19, 3,50
19, 6,50
19,14,50
19,10,50
19,19,49
19,17,50
19,19,50
19,17,50
19,13,50
19, 6,50
19,18,50
19,24,50
19,13,50
19,15,50
19,17,50
19, 6,50
19,15,50
19,17,50
19,17,50
19,23,50
19,23,50
19,17,50
19,20,50
19,17,50
19,23,50
19,17,50
19,19,50
19,19,50
19,17,50
19,21,50
19,19,50
19,19,50
19,12,51
19,19,51
19,17,51
19, 8,51
19,16,51
19,20,51
19,17,51
19,12,51
19,17,51
19,12,51
19,17,52
19,17,51
19,23,51
19,17,51
19,19,51
19,20,51
19, 7,51
19,17,51
18,19,51
19,16,51
19,19,51
19,19,52
19,17,51
19,17,52
19,19,51
19,24,51
19,23,51
19,16,51
19,16,51
19, 7,51
19,19,52
19,20,52
19,24,51
19,19,52
19,11,52
19,23,52
19,23,52
19,16,52
19,19,52
19,20,52
19,24,52
19,23,52
19, 7,52
19,12,52
19,17,52
19,20,53
19,14,52
19,18,52
19,17,52
19, 4,52
19,19,52
19,17,52
19,16,52
19,17,52
19,16,52
19,12,52
19,19,52
19,14,52
19,19,52
18, 6,52
19,20,52
19, 6,52
19,24,52
19,20,52
19,19,52
19,17,52
19,20,52
19,17,53
19,19,53
19,17,52
19,23,52
19,16,53
19,19,53
19,10,53
19,24,52
19, 6,52
19,15,53
19,24,52
19,17,53
19,11,52
19,17,53
19,23,53
19,17,53
19,17,53
19,19,53
18,24,53
19,17,53
19,19,53
19,17,53
19,17,52
19,20,52
19, 6,52
19,17,52
19,23,53
18,19,53
18,21,53
19,18,53
18,17,53
18,19,53
18,19,53
18,18,53
18,17,53
18, 7,53
19,20,53
19,24,53
19,16,52
18,19,53
18,16,53
18,17,53
18, 7,52
18,12,53
18,17,53
18,16,53
19,19,52
19,16,52
18,19,52
 0, 0, 0
18,10,53
18,17,53
18,16,53
18,17,53
18,20,52
18, 3,52
18,19,53
18,17,53
18,19,52
18,17,52
18,17,53
18,19,52
18,18,53
18,20,53
18,20,53
18,16,53
18,17,53
18,19,52
18,17,53
18, 6,53
18,20,53
18,19,52
18, 6,52
18,12,52
18,23,53
18,23,53
18, 3,52
18,17,52
18,17,52
18,20,53
18,20,53
18,19,53
18,19,53
18,17,53
18,23,53
18,17,53
18,17,53
18,24,53
18,19,53
18, 5,53
18,19,53
18, 7,53
18, 6,53
18,20,53
18,17,53
18,23,53
18,15,53
18,16,53
18,17,53
18,12,53
18,14,53
18,14,53
18,16,53
18,23,53
18,17,53
18,17,53
18,23,53
18,18,53
18,17,53
18,23,53
18,15,53
18,18,53
18, 7,53
18,15,53
18, 3,53
18,17,53
18,14,53
18,24,53
18, 6,53
18,12,53
18, 7,53
 0, 0, 0
18,17,53
18,20,53
18,16,53
18,20,53
18,23,53
18,12,53
18,20,53
18,15,53
18,18,53
18,23,52
18,17,52
18,23,52
18,23,52
18,18,52
18,16,52
18, 7,52
18,17,52
18,17,52
18,19,51
18,18,52
18,24,52
18,19,52
18,17,52
18,14,52
18,24,51
18,18,51
18,17,52
18,18,51
18,20,52
18,17,51
18, 6,51
18,19,51
18,17,51
18, 7,51
18,18,52
18,19,51
18,20,51
18,17,52
18,24,51
18,18,51
18,15,51
18,17,51
18,23,51
18,16,51
18,19,51
18,17,51
18,19,51
18,18,51
18,17,51
18,15,51
18, 6,52
18,16,51
18,19,51
18,15,51
18,17,52
18,13,51
18,18,52
18,15,51
18,18,51
18,15,51
18,23,51
18,19,51
18, 6,52
18,19,52
18,18,51
18, 4,51
18,19,52
18,21,52
18, 7,52
18, 7,52
18, 6,51
18,16,52
18,17,52
18,19,52
18,23,52
18,19,51
18,18,51
18,16,51
18,17,51
18,17,52
18,23,51
18, 6,52
18,24,52
18,16,52
18,12,51
18,23,52
18,17,51
18,17,51
18,18,52
18,17,52
18,18,52
18,20,52
18,20,52
18,20,52
18,16,51
18, 7,52
18,17,52
18,20,51
18,12,52
18,16,52
18,19,52
18,17,52
18,19,52
 0, 0, 0
18,20,52
18, 7,51
18,17,51
18,17,52
18,17,52
18,19,51
18,18,52
18, 3,51
18,23,51
18,21,52
18,17,52
18,17,52
18,15,51
18,17,51
18, 6,52
18,17,52
18,20,51
18,12,52
18,16,52
18,23,52
18,12,52
18,17,52
18,17,52
18,17,52
18, 7,52
18,19,52
 0, 0, 0
18,24,52
18,20,52
18,12,52
18, 6,52
18,12,52
18,18,51
18,15,51
18,12,51
18,24,51
18, 4,52
18,23,51
18,17,51
18, 7,51
18,16,52
18,20,52
18,21,51
18, 3,52
18,12,52
18,16,52
18,19,52
18,20,52
18,19,52
18,14,52
18, 7,52
18,15,52
18, 3,51
18,23,51
18, 3,51
18,19,51
18,17,51
18,16,51
18,23,51
18,14,52
18, 3,51
18, 3,51
18,17,51
18,17,51
18,17,51
18,17,50
18,20,51
18,19,51
18,13,51
18,18,51
18,23,51
18,17,51
18,18,51
18,24,52
18,14,51
18,17,52
18, 6,52
18, 6,52
18, 7,52
18,13,52
18,20,52
18,18,52
18,17,52
18,23,52
18,17,52
18,18,51
18,23,50
18,12,50
18,15,50
18,17,51
18, 4,50
18,17,50
18,17,50
18,20,50
18,14,50
18,17,50
18,23,50
18,16,50
18,23,50
18,19,49
18,19,50
18,19,50
18,18,50
18,23,50
18,15,50
18, 6,50
18,17,50
18, 6,50
18,19,50
18,23,50
18,17,50
18,24,50
18,17,50
18,19,50
18,20,51
18,19,50
18,19,49
18,24,50
18,15,50
18,18,50
18,10,50
18,17,50
18,15,50
18,20,50
18,12,50
18,17,50
18,16,51
18,17,50
18,19,49
18,18,49
18,17,50
18,17,50
18,18,50
18,16,50
18,18,49
18,17,49
18,17,49
18,18,49
18, 9,49
18,17,49
18,20,49
18,17,49
18,17,49
18,18,50
18,17,50
18,18,49
18,16,49
18,16,50
18,17,50
18,17,50
18,16,50
18,17,50
18,19,49
18,20,49
18,17,49
18,18,50
18,18,50
18,17,50
18, 4,49
18,18,50
18,12,50
18,18,50
18,15,50
18,17,50
18,17,49
18,17,49
18,20,49
18,17,49
18,19,49
18,15,49
18,17,49
18,19,49
18,16,50
18, 7,49
18, 7,49
18,18,49
18,12,49
18,24,49
18,20,49
18,17,49
18, 4,50
18,17,50
18,17,50
18,17,49
18,18,49
18,19,49
 0, 0, 0
18,16,49
18,17,49
18,20,49
18,17,49
18,20,49
18,10,49
18, 6,49
18,17,49
18,17,49
18,19,49
18,17,49
18,23,49
18,24,49
18,17,49
18,19,49
18,16,49
18,17,49
18, 6,49
18,23,49
18, 7,49
18,17,49
18, 3,49
18,15,49
18,17,49
18,18,49
18,20,49
18,18,49
18,18,49
18,12,49
18,17,49
18,20,49
18,17,49
18,17,49
18,23,49
18,18,49
18,23,49
18,18,49
18,19,49
18,18,49
18, 4,49
18,17,49
18,23,49
18, 6,49
18, 6,49
18,12,49
18,18,49
18, 3,49
18,17,49
18,17,49
18,12,49
18,17,49
18,18,50
18,15,49
18,20,50
18,17,50
18,16,49
18,17,50
18,17,49
18,19,50
18,17,50
18,18,50
18, 6,50
18,17,50
18,16,50
18, 7,50
18,24,50
18,15,50
18,10,50
18,17,49
18,18,49
18,18,49
18,13,50
18,20,50
18,10,50
18,10,50
18,19,50
18,15,50
18,16,50
18,17,50
18,20,49
 0, 0, 0
18,18,50
18,17,50
18, 6,50
18,17,50
18,17,50
18,15,50
18,18,49
18,23,49
18,16,49
18,18,49
18,19,49
18, 3,49
18,18,50
18,18,50
18,17,50
18, 3,50
18, 4,49
18,18,49
18, 4,49
18, 3,50
18,26,49
18,24,49
18,20,49
18,23,49
18,12,49
18, 6,49
18,17,49
18,17,49
18,24,49
18,18,49
18,11,49
18,15,49
18,17,49
18,15,49
18,10,49
18,17,49
18,17,49
18,18,49
18, 3,49
18,12,49
18, 3,49
18, 3,49
18,18,49
18,18,49
18,18,49
18,16,49
18, 7,48
18,15,49
18,23,49
18,24,49
18,18,49
18,17,49
18,14,49
18,17,49
18, 7,49
18,12,49
18,23,49
18,14,49
18,17,49
18,17,49
18,18,49
18,15,49
18,17,49
18,18,49
 0, 0, 0
18, 6,49
18,17,49
18,15,49
18,15,49
18,18,49
17, 3,49
18, 3,49
18,17,49
18,18,49
18,18,49
18,14,49
18,18,49
18, 6,49
18,15,49
18,17,49
18,16,49
18,17,49
18,19,50
18,17,50
18,15,50
18,18,50
18,12,50
18,18,50
18,17,50
18,17,50
18,15,50
18,18,51
18,21,50
18,15,50
18,20,50
18,18,51
18,19,51
18,23,51
18,15,51
18,17,51
18,18,51
18,17,51
18,15,51
18,15,52
18,17,52
18,17,52
18,18,52
18,20,52
18,20,52
18, 6,52
18,15,52
18,17,52
18,18,52
18,17,53
18,15,53
18,18,53
18,17,53
18,18,53
18,20,53
18,17,53
18,17,53
18,15,53
18,23,53
18,16,53
18,17,53
18,20,54
 0, 0, 0
18,15,54
18,18,54
18,20,54
18,17,54
18,15,54
18, 7,53
18,18,54
18,15,53
18,18,54
18,17,54
18,18,54
18, 4,54
18,17,54
18,17,54
18,18,54
18,17,54
18, 3,54
18,16,54
18,17,54
18, 3,54
18,17,54
18, 4,54
18,16,54
18,18,54
18,15,54
18,15,54
18,15,54
18,20,54
18,18,55
18,18,55
18, 8,55
18,18,54
18,18,55
18, 4,55
18,15,54
18, 6,54
18,18,54
18, 3,55
18,18,55
18, 3,55
18,18,55
18,15,55
18,18,55
18,16,55
18,17,55
18,17,55
18,23,55
18,12,55
18, 7,54
18,16,55
18,16,54
18,16,55
18,18,55
18,20,55
18,15,55
18,17,55
18,18,55
18, 3,55
18,24,55
18, 4,55
18,18,55
18,20,55
18,14,55
18,17,55
18,17,55
18,15,55
18, 7,55
18,16,55
18, 3,56
18,17,55
18,18,55
18,17,55
18,20,55
18,18,55
18,18,55
18,17,55
18,15,55
18,20,55
18,14,55
18,17,55
18,18,55
18, 6,55
18,15,55
18,18,55
17,15,55
18,17,55
18,18,55
18, 7,55
18,12,55
18,15,55
17,15,55
17,12,54
18,17,54
17, 6,54
17,15,54
18, 7,55
18,15,55
17,17,54
17, 3,54
17, 7,53
17,18,53
18,18,55
17,23,54
17,16,54
17, 7,54
17, 3,54
17,18,54
17,16,54
18,18,54
18,18,54
18, 7,55
17,20,54
17,20,54
17, 4,54
17,17,53
17,17,54
17,15,53
17,18,53
17, 6,54
17, 8,54
17, 3,54
17,15,54
17,15,53
17,15,54
17,17,53
17,17,54
17,16,54
17, 7,54
17,15,54
17,20,54
17,15,54
17,17,54
17,12,54
17,20,54
17,18,54
17, 6,54
17,15,54
17,15,54
17,15,54
17,12,54
17,15,53
17,18,54
17,18,54
17,15,54
17,15,54
17,18,54
17,20,53
17,15,54
17, 5,54
17,18,54
17,17,54
17,12,54
17,18,54
17,15,54
17,14,54
17,18,54
17, 6,54
17,17,54
17,23,54
17,14,54
17,18,54
17,18,54
17,15,54
17,18,54
17, 9,53
17,15,53
17,15,53
17,14,54
17, 6,54
17,18,54
17,20,54
17,10,54
17,15,54
17,12,54
17,17,54
17,16,54
17,12,54
17,15,54
17,18,54
17,17,54
17, 3,54
17,18,54
17,17,54
17,16,54
17,14,54
17,15,54
17,18,54
17,15,54
17,16,54
17,12,54
17,14,55
17,15,55
17, 7,55
17, 4,55
17,20,55
17,18,55
17,14,55
17,17,56
17,16,55
17,18,55
17,17,54
17,18,54
17,17,55
17,17,55
17,25,54
17,16,53
17,16,54
17,23,54
17,16,54
17,17,54
17,20,54
17, 8,54
17,20,54
17,15,54
17,17,54
17,17,54
17, 6,54
17,16,54
17,15,54
17,11,54
17,18,54
17, 4,55
17,18,54
17,24,55
17,20,55
17,20,55
16,16,55
16,16,55
16,16,55
16,15,56
16,15,56
16, 1,55
16,16,56
16, 5,56
16,15,56
17,15,55
17,15,55
16,15,55
16,14,55
16,15,55
16,15,55
16,15,55
16,10,55
16,16,55
16,15,55
16,15,55
16,16,55
16,15,55
16,15,55
16,15,56
16,15,56
16, 2,55
16,15,56
16,17,55
16,15,55
16,15,55
16,15,55
16,15,56
16,17,56
16,15,56
16,15,56
16,15,56
16,15,55
16,15,56
16,15,56
16,12,56
16,14,56
16, 2,56
16,15,56
16,15,56
16, 6,56
16,13,55
16,15,56
16,15,55
16,15,55
16,15,55
16,15,55
16,14,55
16,15,55
16,14,55
16,16,55
16, 6,56
16,15,55
16,15,55
16, 6,55
16,15,55
16,12,56
16,15,55
16,16,55
16,15,55
16,15,55
16,15,55
16,14,55
16,17,55
16,15,55
16, 2,55
16,15,55
16,15,55
16, 4,55
16,14,55
16,15,56
16,14,55
16,15,55
16,15,55
16,15,55
16,15,56
16,16,56
16,16,55
16,15,56
16, 5,56
16,14,55
16,16,56
16,14,55
16,15,55
16,16,55
16,17,55
16,17,55
16,15,55
16,15,55
17,16,58
17, 8,57
17,16,57
17,17,57
17,17,57
17,17,57
17,15,57
17,13,57
17,20,57
17,16,56
17,17,56
17,13,56
17,16,56
17,17,56
17,17,56
17,13,56
17,18,56
17,16,56
17,16,55
17,18,55
17,16,56
17,16,55
17,16,56
17,16,55
17, 4,55
17,15,55
17,18,56
17,17,55
17,18,55
17,18,55
17,16,55
17,20,55
17,18,55
17, 4,55
17,16,55
17,17,55
17,16,55
17,17,55
17,18,55
17,20,55
17,20,55
17,16,55
17,10,55
17,17,56
17,16,56
17,18,55
17, 2,55
17,23,55
17,17,55
17,16,55
17,16,55
17,18,55
17,16,55
17,17,55
17,17,55
17,18,55
17,17,55
17,17,55
17,20,55
17,16,55
17,17,55
17,16,54
17,16,55
17,18,54
18,23,56
18,20,56
18,20,56
18,17,56
18,18,55
18,23,55
18,15,55
17,18,54
18,23,55
18,18,55
18, 8,55
17,17,54
17,17,54
17,20,54
18,18,55
18,17,55
18,17,56
18,17,55
18,20,55
17,18,54
17,18,55
18, 4,56
17,17,55
17,18,54
18,17,55
17,18,55
17, 6,55
18,18,56
18,16,56
18,16,56
17,20,55
18,16,56
18,20,54
17,17,55
18,16,55
17,16,54
18,17,56
18,16,56
18,18,55
17, 4,56
17,17,56
18,23,56
17,18,55
18,16,56
18,17,56
17,16,55
18, 6,55
18,17,55
18,18,55
 0, 0, 0
 0, 0, 0
18,23,55
18,20,54
18,11,55
18,17,56
18, 7,56
18,18,55
18,17,55
18,20,55
18,18,56
18,16,67
19, 2,63
19,24,62
19,18,62
16,15,72
16,15,71
16, 4,70
17, 9,70
17,15,69
17,15,68
17,16,68
17, 1,68
17,16,67
17,17,68
17,18,67
17,15,68
17,17,68
18,16,68
18,20,69
18,17,69
18,17,69
18,18,69
18,18,69
18,17,69
18,20,69
18,16,69
18,16,69
18,16,69
18,18,70
18,16,71
18,18,71
18,16,72
18,16,72
18,16,72
18,16,74
18,18,74
18,17,73
19, 8,73
19,18,73
19,17,73
19,23,73
19,17,71
19,18,71
19,23,70
19,18,69
19,15,69
19,18,69
19,20,69
19,18,69
19,17,69
19,18,68
19,18,69
19,24,69
19,18,69
19,18,68
19,20,68
19,19,68
19,17,68
19,20,68
19,18,68
19,18,67
19,18,67
19,18,68
19,18,67
19,20,67
19,17,67
19,17,67
19, 9,67
19,18,67
19,17,67
19,17,68
19,17,67
19,18,67
19,14,67
19,16,67
19,18,67
19,18,67
19,18,69
19,18,68
19,17,68
19,20,68
19,17,68
19,18,67
19,18,67
19,18,68
19,17,68
19,18,68
19,20,68
19,23,68
19,17,68
19,23,68
19,18,68
19,17,68
19, 8,68
19,16,68
19,17,68
19,17,68
19,17,67
19,20,67
19,23,67
19,16,67
19,17,68
19,16,68
19,18,67
19,18,68
19,17,68
19,16,68
19, 8,68
19,20,68
19,18,68
19,17,68
19,16,68
19,23,68
18,17,68
19,20,68
19,17,68
19,10,67
19,16,67
18,18,66
18, 9,66
18,18,66
19,18,66
18,17,66
18, 8,66
18,17,66
18,17,66
18,18,65
18,17,65
18,16,65
18,16,65
18,16,65
18,17,65
18,17,65
18,17,65
18, 6,65
18, 8,64
18,17,65
18,23,65
18,17,63
18,17,64
18,11,64
18,20,64
18,16,65
18,13,64
18,20,64
18,18,64
18,20,64
18,17,64
18,20,64
18,23,63
18,20,63
18,16,64
18,16,64
18,17,64
18,18,64
18,23,64
18,20,64
18,18,64
18,16,64
18,17,65
18,13,65
18,16,64
18,18,64
18,14,64
18,16,64
18,20,64
18,16,64
18,16,64
18,20,64
18,11,64
18,23,64
18,17,64
18,17,64
18,17,64
18,17,64
18,18,64
18,20,64
18,17,64
18,20,64
18,16,64
18,16,64
18,23,64
18,17,64
18, 4,64
18, 8,64
18,17,64
18,18,64
18, 4,64
18,20,64
18, 4,64
18,17,64
18,18,64
18,17,64
18, 5,65
18,17,65
18,17,65
18, 8,65
18,16,65
18,23,65
18,23,65
18,17,65
18,17,65
18, 4,65
18,16,64
18,17,65
18,23,65
18,23,64
18,16,64
18,23,65
18,16,65
18,17,65
18,17,65
18,16,65
18,20,64
18,20,64
18,20,65
18,16,64
18,18,64
18,17,64
18,17,64
18,16,65
18,20,64
17,17,64
18, 6,64
17,18,63
18, 5,64
18,20,64
18,17,64
18,10,64
18,16,64
18,18,65
18,20,64
17,20,64
17,17,63
17,16,63
17,17,63
17,18,63
17,17,64
17,16,64
17,23,64
17,16,63
17,17,64
17,18,63
17,17,63
17,23,63
17,16,63
17, 8,63
17,17,63
17,17,64
17,17,63
17,17,64
17,18,64
17,16,64
17,16,64
17,13,64
17,16,64
17,16,64
17,20,64
17,20,64
17,16,64
17,16,64
17,18,63
17,17,64
17,16,65
17,20,64
17,20,65
17,16,65
17,17,65
17,16,64
17,17,64
17,17,64
17,17,64
17,20,65
17,23,65
17,16,65
17, 5,65
17,16,65
17,15,64
17,16,65
17,17,65
17,14,65
17,16,65
17,18,65
17,16,64
17,20,64
17,18,65
17,20,64
17,16,64
17,17,64
17,16,65
17,15,65
17,16,65
17,16,64
17,17,65
17,16,64
17,17,65
17,20,64
17,18,65
17,16,64
17,16,64
17,17,64
17,16,64
17,17,64
17,16,64
17,15,64
17,18,64
17,17,64
17,16,65
17,16,66
17,16,65
17,17,65
17,15,65
17,18,65
17,17,66
18, 6,67
18,16,69
18,17,69
18,23,69
18,17,68
18,16,68
18,16,68
18,17,69
18,17,68
18,18,68
18,17,68
18,18,68
18,18,68
18,17,68
18,18,68
18,16,68
18,16,68
18,16,68
18,19,67
18,16,67
18,16,67
18,18,67
18,18,67
18,18,67
18,16,67
18,20,68
18,16,67
18,17,67
18,18,68
18,16,68
18,20,68
18,17,68
18,18,68
18,17,68
18,18,69
18,17,69
18,16,69
18,14,69
18,16,68
19,18,68
19,18,68
19,18,68
19,20,68
19,23,67
19,17,67
19,16,67
19,10,67
19,18,67
19, 8,67
19,18,68
19,17,67
19,18,67
19,18,67
19, 4,68
19,18,67
19,18,67
19,18,67
19,17,68
19,18,67
19,20,67
19,16,68
19,16,68
19,16,68
19,18,68
19,17,68
19,20,69
19,17,68
19,23,68
19,24,68
19,18,68
19,14,68
19, 7,68
19,20,68
19,20,68
19,23,68
19,18,68
19,24,67
19,10,67
19,18,67
19,18,67
19,18,67
19,11,66
19,20,66
19,24,66
19,20,65
19,19,65
 0, 0, 0
19,18,64
19,19,64
19,19,64
19,20,64
19,20,64
19,20,64
19, 5,64
19,10,64
19,19,63
19,17,64
19,18,64
19,18,64
19,20,64
19,19,63
19,20,64
19,18,64
19, 5,64
19,19,64
19, 5,65
19,20,65
19,23,65
19, 5,65
19,18,65
19,18,65
19,18,65
19,19,65
19,18,65
19,23,65
19, 5,65
19,20,65
19,18,65
20,20,65
19,19,65
19,19,65
20,20,65
20,23,65
19,11,65
19,20,65
20,20,65
19,20,65
20,19,65
19,18,65
19,19,65
20,24,65
20,18,65
20,20,65
20,19,65
20,18,65
20, 7,65
20,12,65
20,20,65
20,18,65
20,19,65
20,18,64
20,24,65
20,19,67
20,19,68
20,20,68
20, 9,69
20,20,70
20,19,70
20,19,70
20,20,69
20,20,67
20, 7,67
20, 9,67
20,20,66
20, 9,66
20,18,67
20,20,67
20,18,68
20,19,68
20, 9,68
19,20,68
20,20,68
20,23,68
20,18,68
20,17,68
20,18,68
20,19,68
19,20,68
19,19,67
19,17,67
19,18,67
19,18,67
19,23,66
19,16,67
19,19,66
19,20,66
19,20,67
19,20,66
19,19,67
19,13,66
19,11,66
19,20,66
19,20,66
19,20,66
19,20,67
19,23,67
19,20,67
19,15,67
19,17,67
19,24,66
19,20,66
19,18,66
19,21,66
19,20,66
19,18,66
19, 9,66
19,19,66
19,20,66
19,19,66
19, 5,66
19,23,66
19, 6,66
19,18,66
19,19,67
19,20,66
19,23,66
19,18,66
19, 6,66
19,24,66
19,20,66
19,17,65
19,19,65
19,23,65
19,10,65
19,24,66
19,19,65
19, 4,65
19,18,65
19,24,65
19,19,65
19,10,65
19, 6,65
19,18,65
19,18,65
19,18,65
19,18,65
19,19,65
19,19,65
19,23,65
19,23,65
19,20,65
19,20,65
19,10,65
19,19,65
19, 5,66
19,15,65
20,19,65
20,19,65
20,11,65
20, 7,65
19,18,65
20,15,65
20,17,65
20, 7,65
20,19,65
20,16,66
20,18,66
20,19,65
20,20,66
20,14,66
20,24,66
20,24,66
20,19,66
20,19,66
20,19,66
20, 7,66
20,11,65
20,18,65
20,20,65
20,23,66
20,15,66
20,13,66
20,24,66
20, 9,66
20,18,66
20,20,66
20,14,66
20, 5,66
20,20,66
20,20,66
20,19,66
20,23,66
20,23,66
20,23,66
20,11,66
21,20,67
21,20,68
21,20,68
21,20,68
21,20,68
21,10,68
21,20,69
21,20,68
21,24,68
21,20,69
21,21,69
21,20,69
21,20,69
21,20,69
21, 9,69
21,19,70
21,20,70
21,19,70
21, 9,70
21,20,70
21,20,70
21,21,70
21,18,71
21,10,71
21,19,71
21,19,72
21,21,72
21,20,73
21,23,73
21,20,73
20,20,72
20,11,71
20,19,72
20,23,71
21,20,72
20,20,71
20,19,71
20, 7,71
20,19,71
20,24,71
20,19,71
20,21,71
20,19,70
20,20,70
20,20,70
20,19,70
20,19,70
20,19,70
20,24,70
20,20,70
20,23,70
20, 9,70
20,18,70
20,19,70
20,19,70
20, 9,70
20,19,70
20,23,70
20,20,70
20,23,70
20,11,70
20,23,70
20,20,70
20,19,70
20,19,70
20,18,70
19,15,70
20, 7,70
19,19,70
19,18,70
19,18,70
19,18,70
20,14,70
19,14,70
 0, 0, 0
19,18,70
19,20,70
19,18,70
19, 4,70
19,20,70
19,20,70
19,23,70
19,18,70
19, 9,70
19,20,70
19,23,70
19,18,69
19,24,70
19,10,70
19,19,70
19,18,70
19,18,70
19,18,70
 0, 0, 0
19,23,70
19,11,70
19,18,69
19,14,70
19,18,70
19,19,70
19,18,70
19,19,70
19,19,70
19,18,70
19,18,70
19, 5,70
19,19,70
19, 5,70
19,20,70
19,19,70
19,20,69
19,18,70
19,20,70
19,23,70
19,18,70
19,19,70
19,19,69
19,20,70
19,19,70
19, 9,70
19,19,70
19,19,70
19,23,70
19,18,70
19,17,70
19,20,70
19,18,69
19,20,70
19,18,70
19,18,70
19,19,70
19,18,69
19,20,69
19,20,69
19,18,69
19,18,69
19,20,69
19,14,69
19,23,69
19,20,69
19,20,69
19,20,69
19,20,69
19,19,69
19,11,69
19,17,69
19,18,69
19,18,69
19,24,69
19,20,70
19,18,70
19,18,69
19,19,70
19,19,70
19,20,70
19,19,70
19,17,70
19,20,70
19,18,70
19,18,70
19,18,70
19,23,70
19, 5,70
19,20,70
19,18,70
19,23,70
19,20,70
19,18,70
19,18,69
19,17,69
19,20,69
19,18,69
19,23,69
19,20,69
19,20,69
19,19,69
19,18,69
19,19,69
19,18,69
19,19,69
19,20,70
19,19,70
19,18,69
19,19,69
19, 7,69
19,20,69
19,20,69
19,20,69
19,17,69
19,18,69
19,18,69
19,20,69
19, 6,69
19,18,69
19,18,69
19,19,69
19,19,69
19,18,69
19,20,69
19,18,69
19, 7,69
19,19,69
19,18,69
19,17,69
19,18,69
19,20,69
19,18,69
19,20,69
19,18,69
19,20,69
19,18,69
19,17,69
19,18,69
19,11,69
19,18,69
19,18,69
19,18,69
19,17,69
19,15,69
19,18,69
19,24,69
19,18,68
19,18,69
19,18,68
18,17,68
19,18,68
19,20,69
19,18,69
19,18,69
19,20,69
19,17,69
19,17,69
19,18,69
19,24,69
19,24,69
18,10,69
18,24,69
18,20,69
18,23,69
19,18,69
19,20,69
18,18,69
18,17,69
18, 9,69
19,20,69
18,23,69
19,18,69
19, 9,69
18,18,69
18,14,69
18,10,69
18,18,69
18,19,69
19,20,70
19,20,70
19,18,68
19,23,67
19, 5,67
20,18,65
19,20,66
19,18,66
19,23,66
19,17,66
19,19,66
19,20,66
19, 9,66
19,19,66
19,20,66
19,18,66
19,11,66
19,19,66
19,18,67
19,18,67
19,18,67
19,18,67
19,20,67
19, 5,68
19,20,68
19,18,68
18,18,68
19,18,68
19, 4,68
18, 5,68
18,19,68
19,18,68
18,20,68
18, 6,68
18,17,68
18,18,68
18,20,68
18,18,68
18,18,68
18,19,68
18,20,68
18,23,68
18,18,68
18, 9,68
18,19,69
19,20,68
18,18,68
18, 5,68
18,17,68
18,17,68
18, 5,68
18,23,68
18,17,68
18,23,68
18,20,68
18,24,68
18,16,68
18,23,69
18,18,69
18,20,69
18,17,69
18,23,68
18,17,68
18,18,69
18,18,69
18,13,69
18,20,68
18,24,68
18,17,68
18,18,68
18,17,68
18,20,68
18,23,68
18,17,68
18,18,68
18,18,68
18,18,68
18, 5,68
18,18,68
18,17,68
18,17,68
18,24,68
18,18,68
18,17,68
18,24,68
18,23,68
18,17,68
18,17,68
18, 9,68
18,20,68
18,20,68
18,17,68
18,17,68
18,18,68
18,17,68
18,24,69
18,17,68
18,17,68
18,17,68
18,17,69
18,17,68
18,17,68
18,20,68
18,18,69
18,17,68
18,18,69
18,13,68
18, 3,69
18, 5,69
18,17,69
18,17,69
18, 5,69
18,18,69
18,20,69
18,18,68
18,20,69
18,17,68
18,17,68
18,17,68
18, 9,68
18,20,68
18,20,68
18, 6,68
18, 9,68
18,17,69
18, 5,69
18,17,69
18,17,68
18,18,68
18,20,68
18,17,69
18,16,68
18,17,69
18, 9,69
18,20,68
18,23,69
18,20,69
18,18,69
18,18,69
18,17,69
18,17,69
18,17,69
18,23,69
18,23,69
18,20,69
18,17,69
18,18,69
18,17,69
18,23,69
18,24,69
18, 5,69
18,18,69
18, 7,69
18, 7,69
18,20,68
18,20,68
18,18,68
18,20,68
18,17,68
18,20,68
18,24,68
18,10,68
18,23,68
18,20,69
18,17,68
18, 7,68
18,23,68
18,24,68
18, 6,68
18,18,68
18, 9,68
18,23,68
18,17,68
18,18,68
18,17,68
18,17,69
18, 4,69
18,17,69
18,17,69
18,16,68
18,20,68
18,23,68
18,20,68
18,23,68
18, 5,68
18,23,69
18,23,69
18,20,69
18,17,68
18, 3,68
18,17,68
18,19,69
18,20,69
19,18,69
19,17,69
19,18,70
19,23,69
19,20,69
19,19,69
19,19,69
19,10,69
19,18,69
19,11,69
19,18,69
19,19,69
19,14,69
19,23,69
19,20,69
20,20,69
20,18,69
19,19,69
20,23,69
20,20,69
19,15,69
20,20,69
20,19,69
20,20,69
20,19,69
20,19,69
20,24,69
19,20,70
20,19,70
20,10,70
20,19,69
20,19,69
20,19,70
20,18,69
20,23,69
20,19,69
20,20,69
20, 6,69
20,17,69
20,20,69
20,23,69
20,19,69
20,16,70
20,17,70
20, 8,70
20,20,70
20,18,70
20,23,69
20,20,70
20,17,70
20,19,70
20,20,70
20,18,70
20,18,71
20,19,70
20,18,70
20,18,71
20,20,70
20,19,69
20,19,70
20,19,70
20,19,70
20,16,70
20,18,70
20,19,70
20,18,70
20,23,70
20,18,70
20,23,70
20, 9,70
20,19,70
20,20,70
20,20,70
20,19,70
20,17,70
20,15,70
20,16,70
20,20,70
20,19,70
20,15,70
20,18,70
20,17,70
20,18,70
20,16,70
20,19,69
20,20,69
20,18,70
20,19,70
20,19,70
20,18,70
20,19,70
20,20,70
20,23,70
20,16,70
20,23,70
20,19,70
20,23,70
20,20,70
20,19,70
20,23,70
20, 8,70
20,17,70
20,18,70
20,20,70
20,19,70
20,23,70
20,19,71
20,20,73
21,19,74
21,23,78
21,23,76
21,20,75
21,20,75
21,20,75
21,19,74
21,19,74
21,19,73
21,19,73
21,19,73
21,19,73
21,20,73
21,19,73
21,16,72
21,19,73
21,19,73
21,19,72
21,20,72
21,20,72
21,16,72
21,19,72
21,18,72
21,21,72
21,23,73
21,20,73
21,20,73
21,21,73
21,20,73
21,20,73
21,21,73
21,20,73
21,16,71
21,19,72
21, 9,72
21,20,73
21,23,72
21,20,72
21,20,71
21,19,71
21,12,71
21,20,71
21,23,71
21,23,70
21,19,69
21,20,70
21,19,70
21,20,70
21,19,70
21,19,70
21,20,70
21,19,71
21,11,71
21,21,71
21,20,70
21,20,70
21,16,70
21,23,70
21,21,70
21,19,70
21,20,70
21,19,70
21,19,70
21,19,70
21,23,70
21,23,70
21,19,70
21,19,70
21,19,71
21,23,71
21,21,71
21,23,72
21,19,71
21,19,72
21,19,72
21,19,72
21,20,72
21,20,72
21,23,72
21,12,72
21,21,72
21,19,72
21,20,73
21,20,73
21,21,73
21,20,73
21,20,73
21,23,73
21,16,73
21,24,74
21,21,74
21,20,74
21,19,74
21,23,74
21,23,74
21,20,74
21,23,74
21,21,75
21,10,74
21,18,75
21,23,75
21,19,75
21,20,75
21,19,75
21,20,75
21,21,75
21,23,75
21,20,75
21,17,75
22,20,75
21,21,75
22,21,75
21,20,76
21,31,76
22,21,76
21, 8,76
22,20,77
22,21,77
22,16,77
22,19,76
21,20,76
22,20,77
21,20,76
21,21,76
21,23,76
21,20,76
22,20,77
22,20,76
22,21,77
22,21,77
22,16,77
22,20,76
22,20,77
22,20,77
21,20,76
22,16,77
21,21,75
21,21,74
21,20,70
21,24,68
21,20,68
21,20,69
21,18,69
21,19,68
21,20,68
21,10,68
21,23,68
21,10,69
21,18,68
21,19,68
21,20,69
21,19,69
21,20,69
21,20,68
21,19,68
21,20,70
21,19,69
21,16,68
21,20,68
21,19,68
21,20,69
21, 4,69
21,19,69
21,20,70
21,13,70
21,19,69
21,21,68
21,20,67
21, 7,67
21,24,68
21, 9,67
21,21,68
21,21,68
21,23,68
21, 9,68
21,19,68
21,19,67
21,19,68
21,23,68
21,20,68
21,21,68
21,20,67
21,20,68
21,24,68
21,21,68
21,21,68
21,21,67
21,11,71
21,19,71
21,19,72
21,11,72
20,21,72
20,19,72
20,20,72
20,20,72
20,20,73
20, 7,72
20,21,72
20,20,72
20,24,72
20,19,72
20,16,72
20, 9,72
20,18,72
20,24,72
21,20,66
21,20,68
21,20,69
21,15,69
21,21,69
21,21,69
21,20,69
21,13,69
21,23,69
21, 7,69
21,20,69
21,21,69
21, 7,69
21,20,69
21,20,69
21,21,69
21,15,69
21,23,69
21,18,69
21, 9,68
21,20,68
21,10,69
22,20,70
21,20,68
21,24,68
21,20,68
21,20,69
21,11,69
22,20,69
21,19,69
21,20,69
21,10,69
21,24,69
21,20,69
21,24,69
21,20,69
21,21,69
21,20,69
21,24,69
21,20,69
22,19,71
22,20,70
22,24,70
22,21,69
22,24,69
22,21,69
22,21,69
22,20,69
21,14,69
22,21,69
22,20,68
22,24,68
21,15,67
22,24,68
21,24,67
21,24,68
 0, 0, 0
 0, 0, 0
 0, 0, 0
 0, 0, 0
 0, 0, 0
 0, 0, 0
 0, 0, 0
 0, 0, 0
 0, 0, 0
 0, 0, 0
19, 8,72
19,19,71
19,20,71
20,19,70
20,18,69
20,20,69
20,19,68
20,24,69
20,19,68
20,19,69
20,20,68
20,20,68
20,24,68
20,10,68
20,20,67
20,20,67
20, 7,67
20,19,67
20,24,67
20,21,68
20,20,68
20,20,68
20,24,68
20,19,68
20,19,68
20,19,68
20,20,68
20,19,68
20,20,69
20,20,69
20,20,69
20,20,70
20,18,70
20,18,70
20,23,70
20,18,70
20,20,69
20,20,70
20,20,70
20,23,70
20,20,70
20,20,70
20,19,70
20,19,70
20,23,70
20,19,70
20,19,70
20,20,70
20,20,71
20,23,70
20,18,71
20,10,70
20,20,70
20,19,70
20,19,70
20,19,70
20,19,70
20,19,70
20,19,70
20,19,70
20,19,70
20,19,70
20,20,70
20,20,70
20,23,70
20,19,70
20,19,70
20,19,70
20,20,70
20,20,70
20,23,70
20,19,70
20,16,70
20,19,70
20,20,70
20,20,70
20,18,70
20,19,70
20, 8,70
20,19,70
20,19,71
20,20,71
20,19,72
20,20,72
20,19,72
20,19,72
20,13,73
20,17,73
19,20,73
20,19,73
19,16,73
19,18,73
19,19,73
19,19,73
19,13,73
19,23,73
19,19,73
19,19,73
19,19,73
19,20,73
19,18,73
19,20,73
19,18,73
20,19,74
20,12,74
20,19,75
20,23,74
20,19,76
20,20,75
20,20,76
20,23,76
20,19,77
20,19,77
20,20,78
20,23,80
20,23,82
20,17,80
20,20,81
20,19,82
20,11,84
20,20,85
20,19,86
20,19,89
20,18,90
20,19,93
20,19,93
20, 6,93
20,19,93
20,20,93
20,23,93
20,20,93
20,18,93
20,19,93
20,19,93
20,19,93
20,20,93
20,19,93
20,19,93
20,19,93
20,20,93
20,20,90
20,20,90
20,18,86
20,20,84
20,19,82
20,19,82
20,20,81
20,19,77
20,16,76
20,20,75
20,18,77
20,20,79
20,19,80
20,20,79
19,23,79
20,18,79
20,23,79
20,12,79
20,19,79
20,19,79
20,19,78
20,19,77
20,10,77
20,23,75
20,20,76
20,23,75
20,20,75
20,19,75
20,19,75
20,19,75
20,19,75
20,16,75
20,20,75
20,23,75
20, 6,74
20, 6,74
20,20,75
20,19,75
20,23,75
20,18,75
20,19,75
20,20,75
20,19,75
20,20,75
20,19,75
20,20,75
20,16,75
20,16,75
20,20,74
21,19,75
21,19,76
21,19,74
21,19,75
21, 8,75
21,19,75
21,16,75
21,19,75
21,19,75
21,19,75
21,20,75
21,19,75
21,23,75
21,19,74
21,23,74
21,19,75
21,20,74
21,20,74
21,14,74
21,19,74
21,20,74
21,19,73
21,19,74
21,20,74
21,19,74
21,23,74
21,20,74
21,20,74
21,20,74
21,20,74
21,19,73
21,19,73
21,23,73
21,18,73
21,16,73
21,19,73
21,23,73
21,16,73
21, 8,73
21,19,73
21,19,73
21,20,72
21,20,72
21,20,72
21,19,72
21,19,66
22,21,65
22,21,65
22,21,65
22,21,64
22,21,64
22,23,62
22,21,62
22,21,62
22,21,64
22,21,62
22,21,61
22,19,62
22,21,62
22,21,61
22,19,62
22,21,61
22,21,61
22,23,61
22,23,61
22,21,61
22,17,61
22,21,62
22,23,62
22,19,61
22,23,62
22,21,62
22,21,62
22,21,61
22,20,61
22,16,60
22,21,61
22,23,61
22,24,62
22,21,62
22,23,62
22, 8,62
22,21,62
22,17,61
22,21,61
22,20,60
21,19,60
21,23,60
21, 8,60
21,20,60
21,20,60
21,20,61
21,20,60
21,20,60
21,16,60
21,19,61
21,11,60
21, 8,61
21,21,61
21,20,61
21,19,61
21,20,61
21,23,61
21,13,61
21,16,61
 0, 0, 0
21,21,61
21,23,61
21,21,61
21,21,61
21,21,61
21,18,60
21,19,61
21,19,61
21,21,61
21,20,60
21,20,60
22,19,61
21,20,60
22,20,59
21,23,60
21,23,61
21,20,61
21,24,60
21,23,60
22,20,61
21,19,60
21,24,60
21, 7,60
21,14,60
22,20,60
21,20,59
21,20,60
22, 7,60
21,10,59
21,19,60
21,19,59
21,21,60
21,23,61
21,20,60
21,20,60
21,14,60
21, 9,59
22,21,61
22,20,61
21,20,60
21,21,59
21,20,59
21,24,60
21,21,60
21,21,60
21,21,60
21,24,60
21,21,61
21,17,61
21,21,62
21,21,61
21,10,61
21,19,62
21,23,62
21,19,62
21,20,62
21,12,62
21,21,62
21,20,62
21,20,62
21,24,62
21,21,63
21,21,63
21,24,63
21,20,63
21,23,63
21,20,63
21,20,63
21,21,63
21,20,63
21,24,63
21,21,63
21,21,63
21,24,62
21,19,62
21,20,63
21,23,62
21,21,62
21,20,62
21,24,62
21,11,62
21,20,62
21,11,62
21,20,62
21,21,62
21,20,62
21,21,63
21,21,62
21,19,63
21,19,62
21,20,63
21,20,63
21,21,63
21,18,63
21,24,62
21,20,63
21,21,62
21,19,62
21,20,62
21,20,62
21,20,62
21,20,62
21,24,61
21, 5,61
21,20,60
21,19,60
21,20,60
21,24,60
21,19,61
21,11,60
21,20,60
21,24,60
21,21,60
21,11,60
21,20,60
21,21,61
21,20,63
21,21,62
21,20,62
21,13,63
21,20,62
21,20,62
21,20,62
21,21,62
21,11,63
21,23,62
21,24,62
21,19,62
21,19,63
21,20,62
21,21,62
21,20,61
21,20,61
21,20,61
21,20,62
21,19,61
21,21,62
21,20,62
21,24,61
21,20,61
21,20,61
21,21,60
21,21,60
21,18,60
21,23,60
21,20,60
21,19,60
21,23,60
21,24,60
21,10,60
21,23,60
21,23,60
21,20,59
21,20,59
21,23,59
21,21,60
21,20,59
21,20,59
21,24,59
21,21,59
21,20,59
21, 9,59
21,20,59
21,24,59
21,20,59
21,24,59
21,20,59
21,24,59
21,24,59
21,20,59
21,21,59
21,21,59
21,24,58
21,20,59
21,24,60
21, 9,60
21,24,59
21,11,59
21,24,60
21,24,59
21,21,59
21,20,60
21,20,60
21,20,60
21,20,60
21,19,60
21,16,60
21,17,60
21,19,60
21,19,59
21,19,60
21,19,59
21,23,59
21,19,60
21,19,60
21, 6,60
21,23,60
21,19,60
21,21,60
21,19,60
21,19,62
21,20,62
21,19,62
20,20,60
20,23,60
20,20,61
20,19,60
20, 6,61
20,19,60
20,20,60
20,19,60
20,23,61
20,19,61
20,20,61
20,20,61
20,20,61
20,18,61
20,16,61
20,19,62
20,19,61
20,20,62
20,23,62
20,16,62
20,17,61
20,23,62
20, 6,62
20,20,62
20,20,62
20,16,62
20, 4,62
20, 4,62
20,19,62
20,17,63
20,13,62
20,20,62
20,19,62
20,23,62
20,19,62
20,20,63
20,16,63
20,19,64
20,18,64
20,20,64
20,23,64
20,20,64
 0, 0, 0
20, 9,63
20,23,64
20,20,64
20,17,64
20,19,63
20,20,63
20,23,64
20, 8,64
20, 6,63
20,19,64
20, 9,64
20,16,63
20,20,63
20,23,62
20,23,63
20,20,63
20,20,63
20,19,63
20,18,63
20,17,63
20,19,63
20,19,63
20,19,63
20,19,63
20,13,63
20,19,62
20,19,63
20,19,63
20,19,62
20,20,62
20,19,62
20,19,62
20,20,62
20,20,62
20,19,62
20,19,62
20,20,62
20,19,62
20,16,62
20,17,62
20,20,62
20,19,62
20,20,62
20,19,62
20, 7,62
20,19,62
20,19,63
20, 5,62
20,19,61
20,19,61
20,19,61
20,16,61
20,20,61
20,19,61
20,19,61
20,20,61
20,19,61
20,17,61
20, 5,61
20,20,61
20, 8,61
20,19,61
19,19,61
19, 5,61
20,17,61
20, 8,61
20,17,61
19,20,62
19,19,62
19,17,62
19,19,62
19,16,62
19,18,62
19,20,62
19,19,62
19,17,62
19, 5,62
19,20,62
 0, 0, 0
19,23,62
19,23,62
19,19,62
19,18,62
19, 8,62
19,19,62
19,19,62
19,17,62
19,23,62
19,19,62
19,19,62
19,20,62
19, 5,62
19,20,62
19,18,62
19,18,62
19,17,62
19,17,62
19,23,62
19,16,62
19,15,62
19,18,62
19,23,62
19,19,62
19,19,62
19,16,62
19,17,62
19,18,62
19,23,62
19,19,62
19,20,62
19,11,62
19,18,62
19,23,62
19,20,62
19,23,62
19,18,62
19,19,62
19,18,62
19,17,62
19,19,62
19,18,62
19,15,62
19,18,62
19,18,62
19,16,62
19,18,62
19,18,62
19,13,62
19,18,62
19,23,62
19,20,62
19,20,62
19,16,62
19,20,62
19,20,62
19,20,62
19,16,62
19,18,63
19,23,63
19,18,63
19,18,63
19,17,63
19,17,63
19,17,63
19,18,63
19,17,63
19,18,63
19,18,63
19,20,63
19,18,63
19,18,63
19,23,64
19,17,63
19,17,63
19,23,63
19,20,64
19,16,64
19,10,63
19,18,64
19,18,63
19,20,64
19,19,64
19,18,63
19,23,64
19,20,63
19,16,64
19,18,64
19,19,64
19,20,64
19,17,64
19,18,64
19,20,64
19,18,64
19,18,64
19,18,64
19,20,64
19,18,64
19,23,64
19,17,64
19,20,64
19,20,64
19,23,64
19,15,65
19,18,65
19,20,65
19,20,65
19,17,65
19,20,65
19,19,65
19,20,65
19,23,66
19,23,65
19,18,65
19,18,65
19,20,66
19,18,65
19,17,66
19, 5,66
19,20,66
19,18,66
19,17,65
19,12,66
19,18,66
19,17,66
19,18,66
19,20,66
19,18,66
19,18,66
19,23,67
19,18,67
19,20,67
19,18,67
19,18,67
19,17,67
19,23,67
19,18,66
19,18,66
19,19,66
19,19,66
19,19,67
20,20,67
20,17,67
20,19,67
20,18,67
20,20,67
20,23,67
20, 9,67
20,19,66
20,17,66
20,20,66
20,19,66
20,20,66
20,19,67
20,20,66
20,20,66
20,20,66
20,16,65
20,19,66
20,20,66
20,20,66
20,17,67
20,20,67
20,20,66
20,19,66
20,19,66
20,16,67
20,19,67
20,17,67
20,17,67
20,17,66
20,19,66
20,19,66
20,19,66
20,19,66
20,20,67
20, 6,67
20,19,68
20,20,68
20,17,68
20,20,67
20,19,67
20,19,67
20, 5,67
20, 5,67
20,20,67
20,20,67
20,10,67
20,16,66
20,16,67
20,23,67
20,20,68
20,19,67
20, 6,67
20,20,67
20,20,67
20,18,67
20,17,67
20,20,66
20,20,67
20,20,66
20,19,66
20,16,65
20,19,65
20,19,65
20,20,65
20,19,65
20,19,66
20,20,66
20,20,66
20,19,66
20, 8,66
20,23,66
20,20,66
20,10,66
20,19,66
20,20,66
20,23,65
20,12,65
20,13,64
20,19,66
20,23,65
20,20,64
20,20,65
20,10,64
20,17,64
20,19,64
20,19,64
20,20,64
20,19,64
20, 6,64
20,19,64
21,23,65
21,19,66
20,20,65
21,20,65
21,13,65
21,13,65
21,20,66
21,23,66
21,12,65
21,19,67
21,20,65
21,16,66
21,19,65
21,19,64
20,19,64
20,19,64
20,16,64
20,19,64
20,15,64
20,23,64
20,23,64
20,19,64
20,19,64
20,19,65
20,19,64
20,16,64
20,20,64
20,19,65
20,20,65
20,19,66
20,23,66
20,20,66
20,20,66
20,17,66
20,12,66
20,19,66
20,23,66
21,17,67
20, 6,67
20,19,66
20,20,67
20,20,66
20,16,66
20,19,66
20,23,66
20, 6,66
20,20,66
20,19,66
20,19,66
20,17,65
20,20,65
20,17,65
21,17,66
21,19,65
21,19,65
21,19,64
21,19,66
21,19,66
20,20,65
21,12,67
21,19,66
21,20,65
21,23,65
21,20,65
21,20,65
21,20,65
21,19,65
21,20,65
21,16,65
21,19,65
21,20,64
21,20,65
21,19,64
21,23,64
21,17,65
21,19,65
21,13,65
21,23,66
21,16,66
21,23,66
21,19,66
21,20,65
21,20,66
21,23,66
21,19,65
21,23,65
21,20,65
21, 8,65
21,23,65
21,19,65
21,20,65
21,20,65
21,23,65
21,19,66
21,23,66
21,23,66
21,20,66
21,20,66
21,23,65
21,20,65
21,20,66
21,23,66
21,20,65
21,17,65
21,20,65
21,20,65
21,19,66
21,19,65
21,20,65
21,19,65
21,20,65
21,11,66
21,13,65
21,20,66
21,23,65
21,19,66
21,17,66
21,20,66
21, 8,66
21,19,66
21,19,66
21, 8,65
21,20,67
21,23,65
21,23,66
21,21,65
21,16,65
21,19,66
21,20,65
21,20,65
21,20,65
21,23,65
21,19,65
21,20,64
21,20,66
21,19,65
21,18,66
21,20,66
21,20,65
21,19,65
21,19,66
21,23,66
21,23,66
21,19,66
21,20,65
21,20,66
21,19,65
21, 8,65
21,20,65
22,20,66
22,20,65
21,19,66
21,20,66
21,20,66
21,19,67
21,16,66
21,20,66
22,21,66
21,23,66
21,17,66
21,20,67
21,20,67
21,21,66
21,20,66
21,24,67
21,20,67
21,21,67
21,23,66
21,21,66
21,23,66
22,22,67
22,21,66
22,24,66
22,23,67
21,24,66
21,10,66
21,13,67
21,18,67
21,19,66
21,13,66
21,18,66
21,21,66
21,20,66
21,11,66
21,21,66
21,24,66
21,20,66
21,21,67
21,21,67
21,19,67
21,21,67
21,21,67
21, 5,67
20,20,66
20,23,66
20,21,67
21,21,67
21,21,66
21,20,66
21,18,66
21,14,66
20, 7,66
21,19,66
21,23,66
21,18,67
21,19,66
21,20,66
21,19,65
21,20,66
21,23,65
21,11,65
21,12,65
21,21,65
21,24,65
21,21,65
21,18,65
21,24,65
22,21,66
22,24,66
22,20,67
22,24,67
22,24,66
22,20,66
22,31,66
22,12,69
22,24,67
22,21,69
22,21,66
22,14,65
22,20,64
22,20,65
22,16,66
22,14,65
22,24,65
22,23,64
22,22,64
22,24,65
22,23,65
22,22,65
22,24,64
22,20,64
22,22,65
22,21,63
22,23,65
22,12,64
22,20,61
22,20,60
22,21,60
22,24,60
22,21,60
22,21,60
22,14,61
22,20,60
22,24,60
22,20,60
22,12,60
22,21,60
22,21,60
22,16,61
22,21,63
22,11,64
22,31,64
22,20,66
22,14,65
22,21,64
22,21,66
22,21,66
22,21,67
22,21,65
22,24,66
22,19,65
22,21,66
22,23,66
22,11,65
22,21,65
22,20,68
22,21,67
22,20,66
22,20,67
22,20,67
22,11,67
22,21,67
22,21,66
22,21,66
22,20,67
21,14,68
22,21,67
22,20,67
22, 7,67
22,21,67
21,20,66
21,21,64
21,21,64
21,21,63
21,23,66
21,20,67
21,24,66
21,21,67
21,20,66
21,24,66
21,20,66
21,12,65
21,21,66
21,21,66
21,21,65
21,21,66
21,19,66
21,20,67
21, 7,66
21,23,66
21,20,67
21,21,67
21,24,67
21,21,68
21, 7,68
21,21,66
21,21,66
21,23,67
21,21,66
21,12,66
21,20,68
21,21,66
21,24,66
21,14,67
21,15,65
21,21,66
21,14,66
21,21,66
20,21,64
20,23,65
20,12,65
20,20,65
20,19,65
20,24,65
20,20,65
20,19,65
20,20,65
20,12,65
20, 7,64
20, 6,65
20,12,64
20, 7,64
20,12,64
20,24,64
20,24,64
20,20,64
20,20,64
20,20,64
20,20,64
20,24,64
20,24,64
20,21,64
20, 7,64
20,18,63
20,23,64
20,20,64
20,19,64
20,21,63
20,18,64
20,21,64
20,24,64
20,24,64
20,19,64
20,18,64
20,18,65
20,20,64
20,18,64
20,20,64
20,18,64
20,18,64
20,24,64
20,11,64
20,19,64
20,20,64
20,23,64
20, 6,64
20, 9,64
20,19,63
20,18,64
20,19,64
20,19,64
20,20,64
20,24,64
20,19,64
20,18,64
20,18,64
20,18,64
20,24,64
20,19,64
20,19,64
20, 9,64
20,23,65
20,20,64
20,24,64
20,18,64
20,20,64
20,19,64
20,20,63
20,24,63
20,23,63
20,20,63
20,21,63
20,20,63
20,20,63
20,20,63
20,23,63
20,18,63
20,20,63
20, 8,63
20,13,63
20,18,63
20,23,62
20,24,62
20,21,62
20,14,62
20,20,62
20,24,62
20,20,62
20, 9,62
20, 7,62
20,20,62
20,19,62
20,15,62
20,24,62
20,20,62
20,24,62
20,24,62
20,20,62
20,20,62
20,20,62
20,14,62
20,20,62
20,10,62
20,21,62
20,20,62
20,21,62
20,24,62
20,20,62
20, 7,62
20,20,62
20,15,62
20,19,62
20,20,62
20,18,62
20,20,62
20,23,62
20,20,62
20,19,62
20,20,62
20,19,62
20,17,62
20,24,62
20,20,62
20,24,62
20,20,62
20,20,62
20,10,62
20,11,62
20,20,62
20,24,62
20,21,62
20,11,62
20,20,63
20,24,63
20,23,63
20,15,63
20,24,63
20,20,63
20,13,63
20,21,63
20,18,63
20,21,63
20,10,63
20,20,63
20,20,63
20,18,63
20, 7,63
20,19,63
20,20,63
20,19,63
20,18,63
20,19,64
20,20,63
20,21,64
20,18,64
20,20,64
20,20,64
20,24,64
20,23,64
20, 5,64
20,20,64
20,20,64
20, 9,64
20,19,64
20,20,64
20,23,64
20, 7,64
20,20,64
20,19,64
20,24,64
20,11,64
20,20,64
20,23,65
20,19,65
20,19,65
20,20,65
20,23,65
20,19,65
20,14,65
20,19,65
20, 5,66
20,19,66
20,20,66
20,23,66
20,18,66
20,19,66
20,20,66
20,18,66
20,20,66
20,20,66
20,20,66
20,23,66
20,18,66
20,14,66
20,19,67
20,14,67
20,18,67
20,18,67
20,11,67
20,21,67
20,19,67
20,19,67
20,19,67
19,19,67
20,18,67
20,18,67
20,23,67
19,20,68
20,19,68
20,20,68
20,20,68
20,19,68
20,19,67
20,11,68
19,20,68
20,23,68
20,11,68
20,23,68
20,11,68
20,19,68
20,19,68
20,20,68
19,10,68
20,18,68
20,23,68
20,18,68
20,19,68
20,18,68
20,20,68
20,18,68
20,20,68
20,19,68
20, 9,68
20,20,68
20,20,68
20,19,67
20,24,68
20,19,68
20,18,68
20,19,68
20,19,68
20,24,68
20,18,68
19,18,68
20,24,68
20,24,68
20,10,68
20,10,68
19,19,68
19, 6,68
20,20,68
19,20,69
19,18,69
19,20,69
19,18,69
19,17,69
20,11,69
19,18,69
20,19,69
20,19,69
19,18,69
20,20,69
19,18,69
20,14,68
20,24,68
20,23,69
20,18,68
20,23,68
20,24,68
20,20,68
20, 6,68
20,18,68
20,24,68
20,18,68
20,19,68
20,15,68
20,16,68
20,10,69
20,10,68
20,20,69
19,19,69
20,18,69
20,18,68
20,23,68
20,19,69
20,19,69
20,20,68
20,19,69
20,18,68
20,20,68
20,10,68
20,13,68
20,19,68
20,20,68
20,20,68
20,23,68
20,11,68
20,18,68
20,20,68
20,20,68
20,19,68
20,24,68
20,18,68
20,20,68
20,18,68
20,23,68
20,18,68
20,17,68
20,23,68
20,18,68
20,19,69
20,24,69
20, 5,68
20,19,68
20,23,68
20, 5,69
20,19,70
20,19,71
20,20,71
20,19,71
20,19,70
20,18,71
20,18,71
20,18,71
20,21,71
20,17,72
20,18,71
20,18,72
20,20,73
20,11,72
20,20,71
20, 7,72
20,20,71
20,20,71
20,18,72
20,19,72
20,19,73
20, 7,74
20,11,72
20,21,72
20,24,72
20,11,72
20,20,72
20,11,73
20,24,73
20,18,72
20,19,72
20, 9,72
20,18,72
20,20,73
20,23,72
20,20,72
20,20,71
20,19,71
20, 7,71
20,20,72
20,24,72
20,21,72
20,24,72
20,11,71
20,23,71
20,24,71
20,20,71
20,20,71
20,21,72
20,24,72
20,20,71
20,19,71
20,17,72
20,23,71
20,20,71
20,24,71
20,20,70
20,20,70
20,20,70
20,24,70
20,20,70
20,21,70
20,21,70
21,24,71
21,20,70
